[
  {
    "id": "fcb1d071-780c-4fd2-aad6-3ec53e4bbb1f",
    "data": [
      {
        "text": "where is ",
        "userDefined": false
      },
      {
        "text": "whole foods",
        "alias": "store",
        "meta": "@store",
        "userDefined": true
      }
    ],
    "isTemplate": false,
    "count": 0,
    "updated": 0
  },
  {
    "id": "7c7cf8df-1738-4507-b269-c5b034e7d95d",
    "data": [
      {
        "text": "where is ",
        "userDefined": false
      },
      {
        "text": "luckys",
        "alias": "store",
        "meta": "@store",
        "userDefined": true
      }
    ],
    "isTemplate": false,
    "count": 0,
    "updated": 0
  },
  {
    "id": "7de38418-9f18-4900-8660-6f1b5d34f6a9",
    "data": [
      {
        "text": "where is ",
        "userDefined": false
      },
      {
        "text": "king soopers",
        "alias": "store",
        "meta": "@store",
        "userDefined": true
      }
    ],
    "isTemplate": false,
    "count": 0,
    "updated": 0
  },
  {
    "id": "a3b401d4-cd85-4285-b9db-7a0e4c78c93e",
    "data": [
      {
        "text": "how far away is ",
        "userDefined": false
      },
      {
        "text": "whole foods",
        "alias": "store",
        "meta": "@store",
        "userDefined": true
      }
    ],
    "isTemplate": false,
    "count": 0,
    "updated": 0
  },
  {
    "id": "cc032bda-3762-4f40-9fff-47f0ffe1df27",
    "data": [
      {
        "text": "how far away is ",
        "userDefined": false
      },
      {
        "text": "luckys",
        "alias": "store",
        "meta": "@store",
        "userDefined": true
      }
    ],
    "isTemplate": false,
    "count": 0,
    "updated": 0
  },
  {
    "id": "2664c95e-7ed6-4f8c-9d64-e89b64e465fe",
    "data": [
      {
        "text": "how far away is ",
        "userDefined": false
      },
      {
        "text": "king soopers",
        "alias": "store",
        "meta": "@store",
        "userDefined": true
      }
    ],
    "isTemplate": false,
    "count": 0,
    "updated": 0
  }
]