[
  {
    "id": "5c9d942b-5280-4215-9b75-04deb510ef96",
    "data": [
      {
        "text": "stores that you know",
        "userDefined": false
      }
    ],
    "isTemplate": false,
    "count": 0,
    "updated": 0
  },
  {
    "id": "af5ce9e2-3134-4f0d-a023-bc3d1eaaff45",
    "data": [
      {
        "text": "list stores",
        "userDefined": false
      }
    ],
    "isTemplate": false,
    "count": 0,
    "updated": 0
  },
  {
    "id": "7f3bee76-048a-48cc-9203-5aebb682984d",
    "data": [
      {
        "text": "list the stores you know",
        "userDefined": false
      }
    ],
    "isTemplate": false,
    "count": 0,
    "updated": 0
  },
  {
    "id": "2373b529-73f3-48b1-8c6e-1df92129ab61",
    "data": [
      {
        "text": "stores",
        "userDefined": false
      }
    ],
    "isTemplate": false,
    "count": 0,
    "updated": 0
  },
  {
    "id": "e29bb65a-74bb-4bd5-8e0c-c624e6c65d8b",
    "data": [
      {
        "text": "Give me the stores you know",
        "userDefined": false
      }
    ],
    "isTemplate": false,
    "count": 0,
    "updated": 0
  },
  {
    "id": "2706c988-c36c-42a5-b59d-5a6ef0065b3e",
    "data": [
      {
        "text": "What stores do you know",
        "userDefined": false
      }
    ],
    "isTemplate": false,
    "count": 0,
    "updated": 0
  }
]