[
  {
    "id": "7c6e8285-0942-4033-afbf-a0b0d93a8c2b",
    "data": [
      {
        "text": "fine me ",
        "userDefined": false
      },
      {
        "text": "bread",
        "alias": "Food",
        "meta": "@Food",
        "userDefined": false
      }
    ],
    "isTemplate": false,
    "count": 0,
    "updated": 0
  },
  {
    "id": "52c8fcce-12f4-4763-95c0-4e24184c55c1",
    "data": [
      {
        "text": "fine me ",
        "userDefined": false
      },
      {
        "text": "milk",
        "alias": "Food",
        "meta": "@Food",
        "userDefined": true
      }
    ],
    "isTemplate": false,
    "count": 0,
    "updated": 0
  }
]